"0","df_1339 <- read.delim(""Data/TwoStep_CCNP001339_1_13-Mar-2025.txt"")"
"0",""
"0","df_1445 <- read.delim(""Data/TwoStep_CCNP001445_1_12-Apr-2025.txt"")"
"0",""
"0","df_1604 <- read.delim(""Data/TwoStep_CCNP001604_1_13-Mar-2025.txt"")"
"0",""
"0","df_1613 <- read.delim(""Data/TwoStep_CCNP001613_1_05-Mar-2025.txt"")"
"0",""
"0","df_1638 <- read.delim(""Data/TwoStep_CCNP001638_1_18-Mar-2025.txt"")"
"0",""
"0","df_1665 <- read.delim(""Data/TwoStep_CCNP001665_1_12-Apr-2025.txt"")"
"0",""
"0","df_1670 <- read.delim(""Data/TwoStep_CCNP001670_1_25-Apr-2025.txt"")"
"0",""
"0","df_1674 <- read.delim(""Data/TwoStep_CCNP001674_1_23-Apr-2025.txt"")"
"0",""
"0","df_1678 <- read.delim(""Data/TwoStep_CCNP001678_1_30-Apr-2025.txt"")"
"0",""
"0","df_1679 <- read.delim(""Data/TwoStep_CCNP001679_1_28-Apr-2025.txt"")"
"0",""
"0","df_1684 <- read.delim(""Data/TwoStep_CCNP001684_1_01-May-2025.txt"")"
"0",""
"0","df_1689 <- read.delim(""Data/TwoStep_CCNP001689_1_30-Apr-2025.txt"")"
"0",""
